id;ho_ten;username;password;ngay_tao;salt
1;Right-sized invoice Representative;Table Specialist frame;Bedfordshire parsing Computers;2023-10-17T05:48:00;14722
2;Account array Missouri;innovative experiences;Berkshire;2023-10-17T06:42:27;13506
3;Fall;override;1080p eyeballs Pizza;2023-10-17T00:18:19;6270
4;bleeding-edge Response Forward;Tasty;neutral transmitting frictionless;2023-10-17T12:04:17;20337
5;Hawaii;infrastructures overriding;Checking;2023-10-17T01:49:23;43449
6;Steel;Rustic;Shoes Towels transition;2023-10-17T07:12:18;33485
7;Indiana;United reintermediate Vista;Assurance Road;2023-10-17T00:48:22;19662
8;Handcrafted Mobility matrix;leading;deposit COM;2023-10-16T18:51:30;31827
9;generating;high-level;Planner feed calculating;2023-10-16T22:38:46;93286
10;Lake Avon;Concrete;solutions deposit;2023-10-16T21:37:08;52423
